rank,prev_rank,name,league,off,def,spi
1,1,Manchester City,Barclays Premier League,2.98,0.23,93.72
2,3,Barcelona,Spanish Primera Division,3.16,0.39,92.6
3,2,Bayern Munich,German Bundesliga,3.03,0.38,91.91
4,4,Real Madrid,Spanish Primera Division,3.05,0.39,91.89
5,5,Liverpool,Barclays Premier League,2.74,0.33,90.64
6,6,Juventus,Italy Serie A,2.64,0.32,90.11
7,7,Paris Saint-Germain,French Ligue 1,3.02,0.5,90.04
8,8,Atletico Madrid,Spanish Primera Division,2.24,0.28,87.25
9,9,Chelsea,Barclays Premier League,2.47,0.47,85.84
10,10,Tottenham Hotspur,Barclays Premier League,2.44,0.52,84.5
11,11,Napoli,Italy Serie A,2.29,0.45,84.24
12,16,Borussia Dortmund,German Bundesliga,2.41,0.65,81.46
13,12,Sevilla FC,Spanish Primera Division,2.41,0.66,81.34
14,15,Internazionale,Italy Serie A,2.23,0.55,81.31
15,14,Arsenal,Barclays Premier League,2.53,0.76,80.9
16,17,Valencia,Spanish Primera Division,2.06,0.5,80.05
17,13,Manchester United,Barclays Premier League,2.21,0.61,79.78
18,20,Ajax,Dutch Eredivisie,2.5,0.81,79.43
19,23,AS Roma,Italy Serie A,2.3,0.7,79.17
20,22,Young Boys,Swiss Raiffeisen Super League,2.69,1.0,78.22
21,18,FC Porto,Portuguese Liga,2.22,0.69,78.13
22,19,PSV,Dutch Eredivisie,2.68,1.02,77.79
23,33,FC Salzburg,Austrian T-Mobile Bundesliga,2.5,0.9,77.69
24,25,AC Milan,Italy Serie A,2.14,0.66,77.67
25,27,Getafe,Spanish Primera Division,1.83,0.47,77.39
26,26,Real Betis,Spanish Primera Division,1.88,0.5,77.38
27,28,Espanyol,Spanish Primera Division,1.87,0.53,76.51
28,24,Lyon,French Ligue 1,2.12,0.71,76.32
29,29,Villarreal,Spanish Primera Division,2.03,0.68,75.71
30,21,Lazio,Italy Serie A,2.2,0.79,75.7
31,32,Benfica,Portuguese Liga,2.1,0.72,75.69
32,35,PAOK Salonika,Greek Super League,2.06,0.69,75.68
33,30,Real Sociedad,Spanish Primera Division,2.06,0.7,75.41
34,34,Shakhtar Donetsk,UEFA Champions League,2.23,0.84,74.96
35,41,Club Brugge,Belgian Jupiler League,2.39,0.96,74.86
36,31,Eibar,Spanish Primera Division,1.82,0.58,74.58
37,37,Atalanta,Italy Serie A,2.01,0.71,74.47
38,40,CSKA Moscow,Russian Premier Liga,1.85,0.61,74.23
39,49,RB Leipzig,German Bundesliga,2.23,0.9,73.75
40,38,Dynamo Kiev,UEFA Europa League,2.08,0.81,73.46
41,43,Fiorentina,Italy Serie A,1.94,0.72,73.19
42,44,Athletic Bilbao,Spanish Primera Division,1.96,0.73,73.19
43,39,Bayer Leverkusen,German Bundesliga,2.22,0.94,72.64
44,51,Leicester City,Barclays Premier League,1.96,0.76,72.61
45,55,FC Krasnodar,Russian Premier Liga,1.89,0.72,72.3
46,47,Girona FC,Spanish Primera Division,1.92,0.74,72.27
47,45,TSG Hoffenheim,German Bundesliga,2.13,0.92,71.6
48,46,Celta Vigo,Spanish Primera Division,2.06,0.88,71.51
49,48,Leganes,Spanish Primera Division,1.81,0.7,71.25
50,42,Marseille,French Ligue 1,2.03,0.87,71.09
51,50,Alavés,Spanish Primera Division,1.82,0.73,70.76
52,54,Schalke 04,German Bundesliga,1.81,0.73,70.44
53,53,Galatasaray,Turkish Turkcell Super Lig,2.12,0.97,70.41
54,36,Zenit St Petersburg,Russian Premier Liga,1.88,0.8,70.18
55,56,Watford,Barclays Premier League,1.85,0.78,70.01
56,65,AEK Athens,Greek Super League,1.71,0.71,69.26
57,57,Palmeiras,Brasileiro Série A,1.66,0.69,68.8
58,72,Torino,Italy Serie A,1.7,0.73,68.45
59,69,Sporting CP,Portuguese Liga,1.78,0.8,68.36
60,82,Eintracht Frankfurt,German Bundesliga,1.85,0.85,68.32
61,58,Real Valladolid,Spanish Primera Division,1.75,0.79,68.0
62,52,Olympiacos,Greek Super League,1.87,0.89,67.88
63,59,Crystal Palace,Barclays Premier League,1.81,0.84,67.86
64,67,Wolverhampton,Barclays Premier League,1.73,0.78,67.85
65,62,SD Huesca,Spanish Primera Division,1.85,0.89,67.31
66,64,Besiktas,Turkish Turkcell Super Lig,1.97,0.99,67.28
67,68,Grêmio,Brasileiro Série A,1.55,0.66,67.27
68,74,Guangzhou Evergrande,Chinese Super League,2.13,1.12,67.13
69,61,Rayo Vallecano,Spanish Primera Division,1.88,0.93,66.96
70,80,Everton,Barclays Premier League,1.8,0.88,66.7
71,70,Borussia Monchengladbach,German Bundesliga,2.06,1.09,66.65
72,60,Istanbul Basaksehir,Turkish Turkcell Super Lig,1.75,0.85,66.54
73,71,Werder Bremen,German Bundesliga,1.88,0.95,66.45
74,73,Southampton,Barclays Premier League,1.76,0.87,66.17
75,78,Levante,Spanish Primera Division,1.99,1.06,66.08
76,63,Newcastle,Barclays Premier League,1.63,0.78,65.93
77,76,AS Monaco,French Ligue 1,1.79,0.91,65.91
78,77,Ludogorets,UEFA Europa League,1.76,0.89,65.61
79,66,Spartak Moscow,Russian Premier Liga,1.65,0.81,65.57
80,79,Sampdoria,Italy Serie A,1.78,0.91,65.55
81,81,Genk,Belgian Jupiler League,2.02,1.11,65.45
82,90,West Ham United,Barclays Premier League,1.79,0.93,65.3
83,75,Red Star Belgrade,UEFA Champions League,2.0,1.12,64.74
84,86,AFC Bournemouth,Barclays Premier League,1.92,1.07,64.58
85,84,Feyenoord,Dutch Eredivisie,2.18,1.28,64.51
86,94,FC Augsburg,German Bundesliga,1.87,1.03,64.49
87,85,VfB Stuttgart,German Bundesliga,1.72,0.91,64.44
88,89,Sassuolo,Italy Serie A,1.79,1.0,63.48
89,111,Braga,Portuguese Liga,1.76,0.99,63.43
90,99,Hertha Berlin,German Bundesliga,1.81,1.02,63.43
91,91,Stade Rennes,French Ligue 1,1.55,0.81,63.39
92,108,Lille,French Ligue 1,1.69,0.93,63.38
93,92,Internacional,Brasileiro Série A,1.48,0.75,63.36
94,107,Montpellier,French Ligue 1,1.48,0.76,63.22
95,88,Brighton and Hove Albion,Barclays Premier League,1.71,0.96,63.15
96,100,São Paulo,Brasileiro Série A,1.53,0.8,63.06
97,98,St Etienne,French Ligue 1,1.65,0.91,63.06
98,96,Boca Juniors,Argentina Primera Division,1.67,0.92,63.04
99,95,FC Midtjylland,Danish SAS-Ligaen,1.96,1.17,62.9
100,102,Mainz,German Bundesliga,1.62,0.9,62.48
101,114,River Plate,Argentina Primera Division,1.6,0.89,62.47
102,103,VfL Wolfsburg,German Bundesliga,1.73,1.0,62.39
103,97,Nice,French Ligue 1,1.58,0.89,61.96
104,110,Shanghai SIPG,Chinese Super League,1.87,1.14,61.89
105,126,AIK,Swedish Allsvenskan,1.55,0.88,61.72
106,87,AZ,Dutch Eredivisie,2.05,1.31,61.62
107,119,Standard Liege,Belgian Jupiler League,1.81,1.1,61.52
108,116,Lokomotiv Moscow,Russian Premier Liga,1.52,0.86,61.4
109,113,Flamengo,Brasileiro Série A,1.53,0.87,61.22
110,101,Viktoria Plzen,UEFA Champions League,1.89,1.19,61.05
111,104,Fulham,Barclays Premier League,1.75,1.08,60.93
112,83,Fenerbahce,Turkish Turkcell Super Lig,1.85,1.17,60.89
113,106,Burnley,Barclays Premier League,1.67,1.01,60.87
114,93,Anderlecht,Belgian Jupiler League,1.74,1.09,60.65
115,121,Atletico Mineiro,Brasileiro Série A,1.69,1.04,60.58
116,109,Angers,French Ligue 1,1.47,0.86,60.24
117,118,West Bromwich Albion,English League Championship,1.8,1.16,60.07
118,122,Genoa,Italy Serie A,1.66,1.04,59.83
119,127,Nantes,French Ligue 1,1.51,0.91,59.77
120,124,Strasbourg,French Ligue 1,1.52,0.93,59.71
121,120,Stoke City,English League Championship,1.73,1.12,59.68
122,115,Udinese,Italy Serie A,1.56,0.96,59.66
123,105,FC Copenhagen,Danish SAS-Ligaen,1.85,1.22,59.61
124,129,Middlesbrough,English League Championship,1.42,0.85,59.48
125,112,Hannover 96,German Bundesliga,1.73,1.13,59.46
126,138,Trabzonspor,Turkish Turkcell Super Lig,1.9,1.29,59.06
127,123,Basel,Swiss Raiffeisen Super League,2.01,1.4,58.83
128,140,Tigres UANL,Mexican Primera Division Torneo Apertura,1.44,0.89,58.64
129,134,1. FC Nürnberg,German Bundesliga,1.58,1.02,58.62
130,143,Dinamo Zagreb,UEFA Europa League,1.54,0.99,58.6
131,117,SC Freiburg,German Bundesliga,1.74,1.17,58.49
132,128,Bordeaux,French Ligue 1,1.47,0.93,58.49
133,137,Cardiff City,Barclays Premier League,1.56,1.01,58.45
134,130,Huddersfield Town,Barclays Premier League,1.44,0.92,58.22
135,131,Toulouse,French Ligue 1,1.48,0.95,58.19
136,146,Guingamp,French Ligue 1,1.55,1.02,57.95
137,135,Club América,Mexican Primera Division Torneo Apertura,1.56,1.04,57.92
138,136,Dijon FCO,French Ligue 1,1.61,1.09,57.61
139,133,Kawasaki Frontale,Japanese J League,1.55,1.04,57.6
140,125,Brentford,English League Championship,1.58,1.07,57.46
141,145,Bologna,Italy Serie A,1.45,0.96,57.32
142,168,BK Hacken,Swedish Allsvenskan,1.76,1.25,57.3
143,148,Empoli,Italy Serie A,1.54,1.05,57.24
144,161,Rostov,Russian Premier Liga,1.19,0.73,57.2
145,132,Fortuna Düsseldorf,German Bundesliga,1.62,1.12,57.13
146,157,Racing Club,Argentina Primera Division,1.49,1.01,57.04
147,144,Cruzeiro,Brasileiro Série A,1.32,0.86,56.93
148,159,Leeds United,English League Championship,1.47,1.01,56.69
149,150,Cagliari,Italy Serie A,1.52,1.05,56.66
150,139,Santos,Brasileiro Série A,1.34,0.88,56.61
151,147,Spal,Italy Serie A,1.44,0.98,56.52
152,155,FC Astana,UEFA Europa League,1.66,1.2,56.25
153,141,Malmo FF,Swedish Allsvenskan,1.6,1.15,56.17
154,172,Sheffield United,English League Championship,1.5,1.05,56.09
155,149,Rubin Kazan,Russian Premier Liga,1.34,0.92,55.71
156,160,Caen,French Ligue 1,1.42,1.0,55.62
157,154,Atlético Paranaense,Brasileiro Série A,1.41,0.99,55.57
158,166,Monterrey,Mexican Primera Division Torneo Apertura,1.5,1.08,55.53
159,142,Nimes,French Ligue 1,1.56,1.14,55.37
160,153,CA Independiente,Argentina Primera Division,1.4,1.0,55.11
161,164,KAA Gent,Belgian Jupiler League,1.64,1.23,55.05
162,170,Reims,French Ligue 1,1.36,0.99,54.54
163,151,Atlanta United FC,Major League Soccer,1.7,1.31,54.53
164,156,Beijing Guoan,Chinese Super League,1.82,1.42,54.49
165,158,Aston Villa,English League Championship,1.49,1.13,54.11
166,187,Atromitos,Greek Super League,1.29,0.94,53.94
167,162,LASK Linz,Austrian T-Mobile Bundesliga,1.37,1.02,53.92
168,165,Parma,Italy Serie A,1.49,1.14,53.76
169,178,Jablonec,UEFA Europa League,1.43,1.09,53.67
170,173,Panathinaikos,Greek Super League,1.42,1.09,53.45
171,171,Celtic,Scottish Premiership,1.38,1.06,53.21
172,175,Urawa Red Diamonds,Japanese J League,1.64,1.32,53.1
173,167,Chievo Verona,Italy Serie A,1.48,1.16,53.02
174,174,Bahía,Brasileiro Série A,1.28,0.97,53.0
175,152,Rosenborg,Norwegian Tippeligaen,1.5,1.19,52.98
176,185,Corinthians,Brasileiro Série A,1.22,0.91,52.79
177,176,Amiens,French Ligue 1,1.35,1.04,52.78
178,183,Swansea City,English League Championship,1.36,1.06,52.77
179,184,Santos Laguna,Mexican Primera Division Torneo Apertura,1.53,1.23,52.5
180,177,Cruz Azul,Mexican Primera Division Torneo Apertura,1.36,1.08,52.18
181,180,Vitesse,Dutch Eredivisie,1.61,1.33,52.1
182,169,Dinamo Moscow,Russian Premier Liga,1.24,0.98,51.73
183,248,Kashima Antlers,Japanese J League,1.6,1.34,51.54
184,179,Kasimpasa,Turkish Turkcell Super Lig,1.77,1.53,51.33
185,191,FC Cologne,German 2. Bundesliga,1.66,1.42,51.27
186,186,Toluca,Mexican Primera Division Torneo Apertura,1.45,1.22,51.03
187,189,Fluminense,Brasileiro Série A,1.25,1.02,50.95
188,182,IFK Norrkoping,Swedish Allsvenskan,1.45,1.22,50.93
189,190,Bristol City,English League Championship,1.36,1.13,50.79
190,204,Pachuca,Mexican Primera Division Torneo Apertura,1.42,1.2,50.76
191,197,Derby County,English League Championship,1.32,1.11,50.51
192,208,Norwich City,English League Championship,1.37,1.17,50.4
193,206,Birmingham,English League Championship,1.34,1.13,50.39
194,163,Rapid Vienna,Austrian T-Mobile Bundesliga,1.43,1.23,50.39
195,222,Vasco da Gama,Brasileiro Série A,1.36,1.16,50.31
196,188,Konyaspor,Turkish Turkcell Super Lig,1.42,1.22,50.27
197,194,Botafogo,Brasileiro Série A,1.33,1.14,50.19
198,212,Velez Sarsfield,Argentina Primera Division,1.26,1.06,50.18
199,199,Melbourne Victory,Australian A-League,1.64,1.46,50.04
200,201,Defensa y Justicia,Argentina Primera Division,1.25,1.07,49.95
201,220,New York Red Bulls,Major League Soccer,1.49,1.31,49.89
202,181,Brondby,Danish SAS-Ligaen,1.7,1.53,49.69
203,193,Vorskla,UEFA Europa League,1.3,1.12,49.6
204,205,Sporting Kansas City,Major League Soccer,1.47,1.31,49.48
205,196,FC Zurich,Swiss Raiffeisen Super League,1.22,1.05,49.31
206,209,Sydney FC,Australian A-League,1.55,1.4,49.29
207,192,Thun,Swiss Raiffeisen Super League,1.65,1.5,49.28
208,203,Chapecoense AF,Brasileiro Série A,1.27,1.12,49.11
209,198,Tijuana,Mexican Primera Division Torneo Apertura,1.28,1.13,49.07
210,210,New York City FC,Major League Soccer,1.47,1.33,49.04
211,231,Yeni Malatyaspor,Turkish Turkcell Super Lig,1.18,1.03,48.98
212,216,Guadalajara,Mexican Primera Division Torneo Apertura,1.34,1.2,48.91
213,195,Terek Grozny,Russian Premier Liga,1.25,1.11,48.9
214,253,FC Nordsjaelland,Danish SAS-Ligaen,1.46,1.33,48.85
215,221,SK Sturm Graz,Austrian T-Mobile Bundesliga,1.55,1.41,48.85
216,223,Jiangsu Suning FC,Chinese Super League,1.34,1.21,48.84
217,200,Rangers,Scottish Premiership,1.69,1.56,48.84
218,215,BATE Borisov,UEFA Europa League,1.45,1.31,48.82
219,217,Frosinone,Italy Serie A,1.37,1.24,48.69
220,219,Antwerp,Belgian Jupiler League,1.28,1.15,48.65
221,213,Guimaraes,Portuguese Liga,1.31,1.18,48.62
222,218,Union Santa Fe,Argentina Primera Division,1.14,1.01,48.56
223,234,Goztepe,Turkish Turkcell Super Lig,1.35,1.23,48.5
224,226,Molde,Norwegian Tippeligaen,1.72,1.61,48.5
225,207,FC Arsenal Tula,Russian Premier Liga,1.35,1.23,48.32
226,254,Östersunds FK,Swedish Allsvenskan,1.45,1.35,48.07
227,233,Ceará,Brasileiro Série A,1.18,1.07,48.03
228,224,Akhisar Belediye,Turkish Turkcell Super Lig,1.36,1.27,47.81
229,245,Preston North End,English League Championship,1.35,1.26,47.63
230,232,Millwall,English League Championship,1.37,1.28,47.59
231,225,Shandong Luneng,Chinese Super League,1.42,1.34,47.58
232,202,Asteras Tripolis,Greek Super League,1.17,1.08,47.52
233,229,Málaga,Spanish Segunda Division,1.19,1.11,47.23
234,211,KV Oostende,Belgian Jupiler League,1.47,1.41,47.21
235,262,León,Mexican Primera Division Torneo Apertura,1.37,1.31,47.14
236,228,Pumas Unam,Mexican Primera Division Torneo Apertura,1.38,1.32,47.13
237,272,FC Sion,Swiss Raiffeisen Super League,1.63,1.58,47.12
238,239,Rio Ave,Portuguese Liga,1.27,1.2,46.99
239,243,St. Truidense,Belgian Jupiler League,1.19,1.13,46.97
240,227,Gazovik Orenburg,Russian Premier Liga,1.22,1.16,46.94
241,237,FK Qarabag,UEFA Europa League,1.29,1.25,46.52
242,242,San Lorenzo,Argentina Primera Division,1.21,1.16,46.5
243,252,Apollon Limassol,UEFA Europa League,1.3,1.27,46.38
244,238,Necaxa,Mexican Primera Division Torneo Apertura,1.29,1.25,46.35
245,268,FK Austria Vienna,Austrian T-Mobile Bundesliga,1.29,1.28,45.82
246,277,FC Cincinnati,United Soccer League,1.58,1.6,45.81
247,241,Sheffield Wednesday,English League Championship,1.35,1.35,45.74
248,263,Alanyaspor,Turkish Turkcell Super Lig,1.39,1.4,45.74
249,214,KV Kortrijk,Belgian Jupiler League,1.35,1.34,45.71
250,276,Deportivo La Coruña,Spanish Segunda Division,1.29,1.29,45.63
251,251,Changchun Yatai,Chinese Super League,1.41,1.42,45.59
252,240,Nottingham Forest,English League Championship,1.28,1.28,45.41
253,235,Sanfrecce Hiroshima,Japanese J League,1.23,1.24,45.39
254,256,Heracles,Dutch Eredivisie,1.8,1.85,45.33
255,260,FC Ufa,Russian Premier Liga,1.08,1.08,45.28
256,247,Mamelodi Sundowns,South African ABSA Premier League,1.22,1.23,45.25
257,257,Chaves,Portuguese Liga,1.3,1.32,45.18
258,246,Columbus Crew,Major League Soccer,1.24,1.25,45.17
259,267,Huracán,Argentina Primera Division,1.15,1.16,45.16
260,244,Talleres de Córdoba,Argentina Primera Division,1.13,1.14,45.13
261,258,Godoy Cruz,Argentina Primera Division,1.18,1.19,45.11
262,275,Toronto FC,Major League Soccer,1.58,1.62,45.07
263,259,Nagoya Grampus Eight,Japanese J League,1.76,1.83,45.01
264,264,Sporting de Charleroi,Belgian Jupiler League,1.29,1.32,44.99
265,230,FC Luzern,Swiss Raiffeisen Super League,1.41,1.45,44.91
266,250,Las Palmas,Spanish Segunda Division,1.23,1.26,44.86
267,236,Metz,French Ligue 2,1.4,1.45,44.84
268,313,St. Pölten,Austrian T-Mobile Bundesliga,1.32,1.36,44.77
269,255,Hull City,English League Championship,1.29,1.32,44.7
270,269,FC Xanthi,Greek Super League,1.0,1.01,44.51
271,274,Queens Park Rangers,English League Championship,1.26,1.31,44.45
272,284,Ural Sverdlovsk Oblast,Russian Premier Liga,1.24,1.29,44.36
273,290,Slavia Prague,UEFA Europa League,1.1,1.13,44.35
274,261,Hebei China Fortune FC,Chinese Super League,1.36,1.43,44.34
275,249,Argentinos Juniors,Argentina Primera Division,1.01,1.04,44.32
276,273,Cerezo Osaka,Japanese J League,1.25,1.31,44.22
277,279,AEK Larnaca,UEFA Europa League,1.11,1.16,44.01
278,282,Vitoria Setubal,Portuguese Liga,1.13,1.19,43.83
279,319,Yokohama F. Marinos,Japanese J League,1.61,1.72,43.8
280,270,Hamburg SV,German 2. Bundesliga,1.3,1.39,43.69
281,281,Colon Santa Fe,Argentina Primera Division,1.13,1.19,43.69
282,297,Antalyaspor,Turkish Turkcell Super Lig,1.39,1.49,43.68
283,265,Portimonense,Portuguese Liga,1.36,1.46,43.49
284,271,Wigan,English League Championship,1.24,1.33,43.44
285,305,Seattle Sounders FC,Major League Soccer,1.24,1.33,43.44
286,278,Morelia,Mexican Primera Division Torneo Apertura,1.31,1.41,43.42
287,283,Estudiantes,Argentina Primera Division,1.08,1.15,43.37
288,339,Waasland-Beveren,Belgian Jupiler League,1.35,1.46,43.32
289,285,Boavista,Portuguese Liga,1.14,1.23,43.02
290,289,FC Dallas,Major League Soccer,1.33,1.45,43.01
291,298,Shanghai Greenland,Chinese Super League,1.34,1.46,42.98
292,309,Santa Clara,Portuguese Liga,1.3,1.43,42.77
293,353,Brest,French Ligue 2,1.28,1.42,42.65
294,266,Belenenses,Portuguese Liga,1.12,1.23,42.61
295,291,Maritimo,Portuguese Liga,1.11,1.23,42.54
296,294,Melbourne City,Australian A-League,1.34,1.49,42.47
297,312,Louisville City FC,United Soccer League,1.58,1.76,42.4
298,302,Hibernian,Scottish Premiership,1.39,1.56,42.23
299,287,América Mineiro,Brasileiro Série A,1.03,1.15,42.21
300,303,FC Utrecht,Dutch Eredivisie,1.35,1.51,42.19
301,337,Sivasspor,Turkish Turkcell Super Lig,1.28,1.43,42.18
302,301,Atlético Tucumán,Argentina Primera Division,1.13,1.27,42.02
303,300,Feirense,Portuguese Liga,1.04,1.16,41.95
304,340,Aris Salonika,Greek Super League,1.19,1.34,41.89
305,296,Belgrano Cordoba,Argentina Primera Division,1.06,1.2,41.82
306,286,Wolfsberger AC,Austrian T-Mobile Bundesliga,1.27,1.44,41.82
307,315,Puebla,Mexican Primera Division Torneo Apertura,1.26,1.43,41.73
308,288,Blackburn,English League Championship,1.23,1.4,41.58
309,307,Newell's Old Boys,Argentina Primera Division,1.12,1.28,41.56
310,280,Bursaspor,Turkish Turkcell Super Lig,1.04,1.2,41.42
311,317,Banfield,Argentina Primera Division,1.03,1.18,41.4
312,292,Querétaro,Mexican Primera Division Torneo Apertura,1.12,1.28,41.37
313,321,Tigre,Argentina Primera Division,1.15,1.33,41.34
314,314,Real Salt Lake,Major League Soccer,1.35,1.56,41.27
315,293,Willem II,Dutch Eredivisie,1.59,1.84,41.22
316,366,Eupen,Belgian Jupiler League,1.42,1.65,41.22
317,316,Los Angeles FC,Major League Soccer,1.38,1.6,41.14
318,310,Reading,English League Championship,1.2,1.39,41.13
319,304,Guangzhou RF,Chinese Super League,1.49,1.73,41.13
320,322,Vítoria,Brasileiro Série A,1.2,1.4,41.05
321,324,Guizhou Renhe,Chinese Super League,1.15,1.35,40.98
322,299,C.D. Nacional,Portuguese Liga,1.2,1.4,40.93
323,323,Rosario Central,Argentina Primera Division,1.05,1.23,40.77
324,391,Caykur Rizespor,Turkish Turkcell Super Lig,1.17,1.38,40.73
325,295,Lanus,Argentina Primera Division,1.14,1.34,40.7
326,334,Philadelphia Union,Major League Soccer,1.26,1.49,40.6
327,306,SK Brann,Norwegian Tippeligaen,1.25,1.48,40.55
328,327,Moreirense,Portuguese Liga,1.07,1.27,40.5
329,318,Sport Recife,Brasileiro Série A,1.09,1.3,40.4
330,341,FC Lugano,Swiss Raiffeisen Super League,1.29,1.53,40.38
331,348,Desportivo Aves,Portuguese Liga,1.17,1.39,40.34
332,344,St Gallen,Swiss Raiffeisen Super League,1.45,1.73,40.12
333,325,Heerenveen,Dutch Eredivisie,1.57,1.87,40.09
334,367,Hammarby,Swedish Allsvenskan,1.2,1.44,40.04
335,343,Videoton FC,UEFA Europa League,1.12,1.35,40.04
336,345,Atlas,Mexican Primera Division Torneo Apertura,1.07,1.29,40.03
337,355,1. FC Union Berlin,German 2. Bundesliga,1.14,1.37,40.0
338,329,Tondela,Portuguese Liga,1.16,1.39,39.97
339,331,AGF Aarhus,Danish SAS-Ligaen,1.1,1.33,39.92
340,352,Arizona United,United Soccer League,1.33,1.61,39.87
341,320,Aldosivi,Argentina Primera Division,1.1,1.33,39.77
342,332,Dalian Aerbin,Chinese Super League,1.18,1.44,39.74
343,330,Portland Timbers,Major League Soccer,1.3,1.59,39.64
344,326,Kayserispor,Turkish Turkcell Super Lig,1.17,1.43,39.51
345,308,AaB,Danish SAS-Ligaen,0.99,1.22,39.49
346,351,Los Angeles Galaxy,Major League Soccer,1.51,1.83,39.39
347,333,Ipswich Town,English League Championship,1.02,1.26,39.39
348,346,GIF Sundsvall,Swedish Allsvenskan,1.2,1.48,39.37
349,336,Grasshoppers Zürich,Swiss Raiffeisen Super League,1.23,1.51,39.2
350,356,Lobos de la BUAP,Mexican Primera Division Torneo Apertura,1.15,1.43,38.98
351,350,Gimnasia La Plata,Argentina Primera Division,1.02,1.28,38.96
352,338,Bolton,English League Championship,1.05,1.33,38.76
353,354,Palermo,Italy Serie B,1.09,1.38,38.74
354,311,Djurgardens IF,Swedish Allsvenskan,1.17,1.47,38.69
355,349,Montreal Impact,Major League Soccer,1.17,1.47,38.63
356,400,Anzhi Makhachkala,Russian Premier Liga,1.13,1.44,38.57
357,401,Panionios,Greek Super League,0.96,1.22,38.56
358,360,Giannina,Greek Super League,1.05,1.34,38.52
359,374,Rotherham United,English League Championship,1.09,1.39,38.33
360,384,Odense BK,Danish SAS-Ligaen,1.17,1.49,38.3
361,328,Tianjin Quanujian,Chinese Super League,1.13,1.44,38.25
362,371,Henan Jianye,Chinese Super League,1.07,1.37,38.25
363,370,ADO Den Haag,Dutch Eredivisie,1.44,1.82,38.14
364,347,Sunderland,English League One,1.25,1.6,38.08
365,342,Ankaragucu,Turkish Turkcell Super Lig,1.05,1.36,38.02
366,358,San Martin de Tucuman,Argentina Primera Division,1.05,1.36,38.0
367,365,Orange County SC,United Soccer League,1.46,1.86,37.95
368,364,F91 Dudelange,UEFA Europa League,1.37,1.76,37.91
369,369,Hearts,Scottish Premiership,1.01,1.32,37.9
370,378,DC United,Major League Soccer,1.35,1.73,37.81
371,376,Tianjin Teda,Chinese Super League,1.13,1.47,37.73
372,409,Shimizu S-Pulse,Japanese J League,1.26,1.63,37.7
373,394,Le Havre,French Ligue 2,0.84,1.12,37.54
374,377,San Martin San Juan,Argentina Primera Division,1.09,1.43,37.44
375,396,Kilmarnock,Scottish Premiership,1.14,1.5,37.43
376,404,Chongqing Lifan,Chinese Super League,1.11,1.47,37.43
377,381,Holstein Kiel,German 2. Bundesliga,1.28,1.66,37.4
378,373,FC Groningen,Dutch Eredivisie,1.16,1.53,37.36
379,372,Arminia Bielefeld,German 2. Bundesliga,1.15,1.52,37.35
380,335,Lorient,French Ligue 2,1.0,1.34,37.3
381,361,Paraná,Brasileiro Série A,0.93,1.24,37.26
382,363,VVV Venlo,Dutch Eredivisie,1.05,1.4,37.14
383,362,Kaizer Chiefs,South African ABSA Premier League,0.95,1.28,37.11
384,388,Sporting Gijón,Spanish Segunda Division,0.98,1.32,37.09
385,399,Stromsgodset,Norwegian Tippeligaen,1.37,1.8,37.01
386,359,Lens,French Ligue 2,0.93,1.27,36.9
387,380,Houston Dynamo,Major League Soccer,1.2,1.6,36.83
388,395,Granada,Spanish Segunda Division,1.15,1.54,36.81
389,383,Newcastle Jets,Australian A-League,1.33,1.77,36.76
390,386,Sarpsborg,Norwegian Tippeligaen,1.29,1.73,36.4
391,379,New England Revolution,Major League Soccer,1.22,1.66,36.34
392,357,Sonderjyske,Danish SAS-Ligaen,1.14,1.55,36.27
393,402,Peterborough United,English League One,1.38,1.87,35.92
394,382,Fortuna Sittard,Dutch Eredivisie,1.25,1.71,35.82
395,411,Excelsior,Dutch Eredivisie,1.3,1.78,35.74
396,393,Metallurg Krasnoyarsk,Russian Premier Liga,1.0,1.41,35.7
397,438,Cashpoint SC Rheindorf Altach,Austrian T-Mobile Bundesliga,1.19,1.65,35.7
398,375,SV Zulte Waregem,Belgian Jupiler League,1.41,1.92,35.55
399,397,FC Spartak Trnava,UEFA Europa League,0.89,1.28,35.49
400,418,Gamba Osaka,Japanese J League,1.09,1.54,35.37
401,425,AD Alcorcon,Spanish Segunda Division,0.75,1.1,35.34
402,433,PEC Zwolle,Dutch Eredivisie,1.15,1.61,35.34
403,385,Sagan Tosu,Japanese J League,0.82,1.19,35.26
404,403,Odd BK,Norwegian Tippeligaen,1.07,1.53,35.17
405,368,FC Tokyo,Japanese J League,0.89,1.3,35.03
406,413,Crotone,Italy Serie B,1.12,1.59,34.95
407,417,Real Zaragoza,Spanish Segunda Division,1.09,1.56,34.94
408,435,Bidvest Wits,South African ABSA Premier League,0.91,1.33,34.92
409,416,SV Mattersburg,Austrian T-Mobile Bundesliga,1.3,1.84,34.84
410,410,KSC Lokeren,Belgian Jupiler League,1.05,1.52,34.76
411,408,Guizhou Hengfeng Zhicheng,Chinese Super League,1.16,1.66,34.74
412,389,Cercle Brugge,Belgian Jupiler League,1.09,1.59,34.52
413,424,Jahn Regensburg,German 2. Bundesliga,1.23,1.77,34.45
414,406,Panetolikos,Greek Super League,0.99,1.46,34.41
415,390,Vegalta Sendai,Japanese J League,1.2,1.73,34.33
416,431,Patronato,Argentina Primera Division,0.96,1.43,34.24
417,422,Krylia Sovetov,Russian Premier Liga,0.97,1.44,34.23
418,420,Troyes,French Ligue 2,0.97,1.45,34.23
419,414,Dynamo Dresden,German 2. Bundesliga,1.03,1.52,34.18
420,412,Aberdeen,Scottish Premiership,0.88,1.33,34.16
421,405,FC Ingolstadt 04,German 2. Bundesliga,1.12,1.64,34.14
422,392,Veracruz,Mexican Primera Division Torneo Apertura,1.02,1.51,34.09
423,421,Haugesund,Norwegian Tippeligaen,1.08,1.59,34.04
424,441,Barnsley,English League One,1.06,1.57,34.01
425,407,Clermont Foot,French Ligue 2,0.92,1.39,33.99
426,437,Tromso,Norwegian Tippeligaen,1.17,1.72,33.98
427,444,Consadole Sapporo,Japanese J League,1.2,1.75,33.96
428,387,FC Trenkwalder Admira,Austrian T-Mobile Bundesliga,1.28,1.87,33.71
429,423,Valerenga,Norwegian Tippeligaen,1.3,1.9,33.65
430,415,Orlando Pirates,South African ABSA Premier League,0.96,1.46,33.54
431,432,Minnesota United FC,Major League Soccer,1.24,1.84,33.38
432,429,SC Paderborn,German 2. Bundesliga,1.17,1.75,33.3
433,427,Emmen,Dutch Eredivisie,1.08,1.64,33.29
434,434,Erzurumspor,Turkish Turkcell Super Lig,0.97,1.49,33.29
435,465,Portsmouth,English League One,1.02,1.55,33.27
436,419,Benevento,Italy Serie B,1.04,1.59,33.22
437,428,Albacete,Spanish Segunda Division,0.95,1.47,33.1
438,426,VfL Bochum,German 2. Bundesliga,1.08,1.65,33.05
439,439,Western Sydney FC,Australian A-League,1.19,1.82,32.69
440,430,Vancouver Whitecaps,Major League Soccer,1.24,1.88,32.63
441,436,Verona,Italy Serie B,1.01,1.59,32.48
442,457,Kashiwa Reysol,Japanese J League,1.15,1.77,32.36
443,446,Jubilo Iwata,Japanese J League,1.0,1.58,32.32
444,451,FC St. Pauli,German 2. Bundesliga,0.99,1.57,32.24
445,445,Chicago Fire,Major League Soccer,1.14,1.78,32.24
446,447,Shonan Bellmare,Japanese J League,0.94,1.51,32.23
447,440,Pittsburgh Riverhounds,United Soccer League,0.94,1.5,32.17
448,450,Perth Glory,Australian A-League,1.22,1.88,32.13
449,459,1. FC Heidenheim 1846,German 2. Bundesliga,1.04,1.64,32.12
450,488,Orebro SK,Swedish Allsvenskan,0.94,1.52,31.94
451,477,Reno 1868 FC,United Soccer League,1.09,1.73,31.89
452,454,Brisbane Roar,Australian A-League,1.05,1.68,31.76
453,456,Randers FC,Danish SAS-Ligaen,1.02,1.64,31.71
454,453,Perugia,Italy Serie B,1.03,1.66,31.71
455,460,1. FC Magdeburg,German 2. Bundesliga,0.97,1.59,31.6
456,398,Vissel Kobe,Japanese J League,1.02,1.65,31.52
457,470,Foggia,Italy Serie B,1.07,1.72,31.49
458,443,Cadiz,Spanish Segunda Division,0.76,1.29,31.46
459,485,AC Horsens,Danish SAS-Ligaen,0.99,1.62,31.42
460,475,De Graafschap,Dutch Eredivisie,1.02,1.68,31.18
461,472,Neuchatel Xamax,Swiss Raiffeisen Super League,1.11,1.8,31.13
462,461,SV Darmstadt 98,German 2. Bundesliga,0.99,1.64,31.12
463,455,NAC,Dutch Eredivisie,1.15,1.87,30.88
464,466,Adelaide United,Australian A-League,1.05,1.73,30.85
465,463,FC Wacker Innsbruck,Austrian T-Mobile Bundesliga,1.11,1.82,30.58
466,458,Osasuna,Spanish Segunda Division,0.72,1.29,30.56
467,476,Larissa,Greek Super League,0.77,1.36,30.56
468,452,Hartberg,Austrian T-Mobile Bundesliga,1.0,1.69,30.54
469,478,Tenerife,Spanish Segunda Division,0.88,1.52,30.54
470,462,Kristiansund BK,Norwegian Tippeligaen,1.11,1.84,30.4
471,468,Bethlehem Steel FC,United Soccer League,1.1,1.83,30.23
472,479,San Jose Earthquakes,Major League Soccer,1.19,1.96,30.22
473,469,Esbjerg,Danish SAS-Ligaen,0.88,1.53,30.13
474,471,MSV Duisburg,German 2. Bundesliga,1.09,1.84,29.99
475,449,Levadiakos,Greek Super League,0.74,1.35,29.92
476,486,Cittadella,Italy Serie B,0.87,1.54,29.9
477,484,Ranheim,Norwegian Tippeligaen,1.13,1.9,29.82
478,473,Lamia,Greek Super League,0.77,1.39,29.75
479,480,Paris FC,French Ligue 2,0.74,1.36,29.68
480,481,Brescia,Italy Serie B,0.97,1.68,29.67
481,448,IF Elfsborg,Swedish Allsvenskan,0.88,1.56,29.58
482,500,Almeria,Spanish Segunda Division,0.77,1.42,29.56
483,487,SpVgg Greuther Fürth,German 2. Bundesliga,0.89,1.59,29.35
484,442,Mouscron-Peruwelz,Belgian Jupiler League,0.91,1.63,29.31
485,474,F.B.C Unione Venezia,Italy Serie B,0.87,1.59,28.99
486,493,Mallorca,Spanish Segunda Division,0.85,1.57,28.83
487,482,SV Sandhausen,German 2. Bundesliga,0.79,1.48,28.83
488,467,OFI Crete,Greek Super League,0.98,1.76,28.73
489,489,Vejle,Danish SAS-Ligaen,0.83,1.54,28.64
490,496,New York Red Bulls II,United Soccer League,1.42,2.39,28.35
491,464,Apollon Smyrni,Greek Super League,0.74,1.43,28.19
492,490,Bodo/Glimt,Norwegian Tippeligaen,0.93,1.72,28.16
493,506,Livingston,Scottish Premiership,0.78,1.51,28.06
494,492,Doncaster Rovers,English League One,0.84,1.6,27.98
495,498,Orlando City SC,Major League Soccer,1.11,1.99,27.97
496,503,Numancia,Spanish Segunda Division,0.82,1.57,27.92
497,512,Sacramento Republic FC,United Soccer League,0.81,1.57,27.89
498,502,SuperSport United,South African ABSA Premier League,0.77,1.51,27.74
499,491,Charlton Athletic,English League One,0.94,1.76,27.68
500,483,Real Oviedo,Spanish Segunda Division,0.89,1.69,27.67
501,529,Scunthorpe,English League One,1.12,2.02,27.64
502,524,Vendsyssel,Danish SAS-Ligaen,0.93,1.76,27.44
503,516,Blackpool,English League One,0.72,1.49,26.8
504,497,Carolina Railhawks,United Soccer League,1.17,2.15,26.74
505,520,AC Ajaccio,French Ligue 2,0.73,1.52,26.63
506,507,Maritzburg Utd,South African ABSA Premier League,0.64,1.37,26.61
507,509,Cremonese,Italy Serie B,0.76,1.58,26.5
508,505,Lecce,Italy Serie B,0.87,1.74,26.47
509,514,Salernitana,Italy Serie B,0.78,1.6,26.36
510,515,Spezia,Italy Serie B,0.77,1.6,26.29
511,536,Southend United,English League One,0.9,1.8,26.24
512,535,Orléans,French Ligue 2,0.95,1.88,26.1
513,495,IFK Goteborg,Swedish Allsvenskan,1.02,1.98,26.04
514,511,Stabaek,Norwegian Tippeligaen,1.09,2.08,26.03
515,510,Extremadura UD,Spanish Segunda Division,0.9,1.81,26.01
516,494,Charleston Battery,United Soccer League,0.74,1.56,25.93
517,517,Erzgebirge Aue,German 2. Bundesliga,0.8,1.67,25.89
518,501,Indy Eleven,United Soccer League,0.92,1.86,25.78
519,521,V-Varen Nagasaki,Japanese J League,0.94,1.89,25.67
520,508,Kalmar FF,Swedish Allsvenskan,0.71,1.54,25.63
521,513,LA Galaxy II,United Soccer League,1.29,2.41,25.45
522,504,Fleetwood Town,English League One,0.79,1.69,25.17
523,523,Niort,French Ligue 2,0.84,1.79,25.01
524,518,Bloem Celtic,South African ABSA Premier League,0.57,1.37,24.72
525,525,Lugo,Spanish Segunda Division,0.71,1.6,24.71
526,539,Luton Town,English League One,0.84,1.8,24.63
527,537,Lillestrom,Norwegian Tippeligaen,0.86,1.84,24.56
528,499,Portland Timbers 2,United Soccer League,0.99,2.04,24.54
529,531,Cordoba,Spanish Segunda Division,0.99,2.07,23.99
530,519,Saint Louis FC,United Soccer League,0.79,1.77,23.99
531,543,Elche,Spanish Segunda Division,0.73,1.69,23.77
532,533,Polokwane City FC,South African ABSA Premier League,0.6,1.48,23.76
533,522,Colorado Rapids,Major League Soccer,0.84,1.87,23.74
534,538,St Johnstone,Scottish Premiership,0.82,1.83,23.72
535,534,US Pescara,Italy Serie B,0.77,1.76,23.67
536,550,Grenoble,French Ligue 2,0.76,1.75,23.46
537,530,Oldham Athletic,English League Two,0.74,1.74,23.29
538,553,Hobro IK,Danish SAS-Ligaen,0.96,2.09,23.24
539,528,Reus Deportiu,Spanish Segunda Division,0.56,1.45,23.22
540,542,Wellington Phoenix,Australian A-League,0.92,2.03,23.17
541,541,Rayo Majadahonda,Spanish Segunda Division,0.75,1.76,23.15
542,561,Accrington Stanley,English League One,0.73,1.74,22.98
543,526,Chateauroux,French Ligue 2,0.67,1.65,22.89
544,527,Black Aces,South African ABSA Premier League,0.68,1.68,22.86
545,540,Auxerre,French Ligue 2,0.71,1.73,22.72
546,549,Sochaux,French Ligue 2,0.64,1.64,22.44
547,546,Oklahoma City Energy FC,United Soccer League,0.78,1.86,22.41
548,532,Real Monarchs SLC,United Soccer League,0.97,2.18,22.23
549,552,Golden Arrows,South African ABSA Premier League,0.56,1.51,22.15
550,547,Tampa Bay Rowdies,United Soccer League,0.72,1.8,22.06
551,544,Gimnástic Tarragona,Spanish Segunda Division,0.65,1.67,22.06
552,551,Nashville SC,United Soccer League,0.58,1.58,21.75
553,548,Shrewsbury Town,English League One,0.57,1.56,21.75
554,565,Milton Keynes Dons,English League Two,0.67,1.73,21.67
555,545,Burton Albion,English League One,0.71,1.82,21.38
556,555,Lincoln City,English League Two,0.7,1.8,21.36
557,556,Motherwell,Scottish Premiership,0.72,1.86,21.13
558,563,Ascoli,Italy Serie B,0.55,1.57,21.09
559,557,AmaZulu,South African ABSA Premier League,0.62,1.69,21.06
560,568,Chippa United,South African ABSA Premier League,0.53,1.53,21.0
561,554,Valenciennes,French Ligue 2,0.93,2.2,20.97
562,564,Carpi,Italy Serie B,0.57,1.61,20.92
563,570,IK Start,Norwegian Tippeligaen,0.77,1.95,20.84
564,559,Swope Park Rangers,United Soccer League,0.84,2.07,20.82
565,560,Fresno FC,United Soccer League,0.64,1.76,20.61
566,569,Wycombe Wanderers,English League One,0.76,1.98,20.31
567,573,San Antonio FC,United Soccer League,0.79,2.03,20.3
568,567,Bristol Rovers,English League One,0.56,1.65,20.08
569,576,GFC Ajaccio,French Ligue 2,0.73,1.97,19.88
570,571,Exeter City,English League Two,0.71,1.93,19.75
571,558,Walsall,English League One,0.63,1.82,19.62
572,562,Rochdale,English League One,0.76,2.04,19.55
573,574,Central Coast Mariners,Australian A-League,0.79,2.09,19.4
574,579,IK Sirius,Swedish Allsvenskan,0.85,2.2,19.38
575,577,Sandefjord,Norwegian Tippeligaen,0.78,2.11,19.07
576,578,Colchester United,English League Two,0.68,1.94,19.05
577,566,Dalkurd FF,Swedish Allsvenskan,0.75,2.1,18.61
578,586,Gillingham,English League One,0.76,2.13,18.45
579,575,Coventry City,English League One,0.55,1.77,18.39
580,582,Padova,Italy Serie B,0.62,1.9,18.37
581,585,Livorno,Italy Serie B,0.61,1.88,18.26
582,584,Bury,English League Two,0.67,1.99,18.25
583,581,Cosenza,Italy Serie B,0.6,1.86,18.14
584,596,Mansfield Town,English League Two,0.56,1.8,18.08
585,572,Hamilton Academical,Scottish Premiership,0.69,2.07,17.59
586,591,Plymouth Argyle,English League One,0.67,2.04,17.52
587,583,Red Star FC 93,French Ligue 2,0.66,2.04,17.33
588,580,Free State Stars,South African ABSA Premier League,0.45,1.65,17.32
589,597,Charlotte Independence,United Soccer League,0.74,2.18,17.32
590,588,Beziers AS,French Ligue 2,0.46,1.69,17.09
591,590,AS Nancy Lorraine,French Ligue 2,0.41,1.65,16.5
592,589,St Mirren,Scottish Premiership,0.58,1.98,16.45
593,603,Colorado Springs Switchbacks FC,United Soccer League,0.48,1.79,16.29
594,595,Bradford City,English League One,0.53,1.9,16.28
595,587,Oxford United,English League One,0.68,2.16,16.28
596,594,Highlands Park FC,South African ABSA Premier League,0.47,1.8,16.03
597,592,AFC Wimbledon,English League One,0.51,1.89,15.79
598,599,Penn FC,United Soccer League,0.58,2.04,15.57
599,605,Rio Grande Valley FC Toros,United Soccer League,0.5,1.91,15.36
600,593,Baroka FC,South African ABSA Premier League,0.4,1.72,15.36
601,606,Forest Green Rovers,English League Two,0.53,2.03,14.74
602,607,Dundee,Scottish Premiership,0.51,2.0,14.5
603,598,Swindon Town,English League Two,0.55,2.14,14.05
604,610,Toronto FC II,United Soccer League,0.9,2.8,13.98
605,602,Las Vegas Lights FC,United Soccer League,0.79,2.64,13.59
606,604,Ottawa Fury FC,United Soccer League,0.31,1.68,13.49
607,608,Brommapojkarna,Swedish Allsvenskan,0.55,2.23,13.2
608,600,Yeovil Town,English League Two,0.55,2.23,13.13
609,601,Trelleborgs FF,Swedish Allsvenskan,0.58,2.32,12.77
610,613,Black Leopards,South African ABSA Premier League,0.43,2.08,12.11
611,611,Crawley Town,English League Two,0.52,2.29,12.08
612,614,Tranmere Rovers,English League Two,0.33,1.91,11.73
613,616,Crewe Alexandra,English League Two,0.4,2.27,10.07
614,615,Tulsa Roughnecks,United Soccer League,0.61,2.75,9.92
615,622,Notts County,English League Two,0.55,2.63,9.84
616,609,Northampton Town,English League Two,0.37,2.25,9.71
617,617,Stevenage,English League Two,0.28,2.03,9.7
618,621,Newport County,English League Two,0.45,2.44,9.66
619,612,Carlisle United,English League Two,0.23,1.98,9.09
620,623,Atlanta United 2,United Soccer League,0.39,2.54,7.9
621,624,Seattle Sounders 2,United Soccer League,0.42,2.63,7.83
622,618,Port Vale,English League Two,0.23,2.15,7.77
623,619,Cambridge United,English League Two,0.39,2.6,7.52
624,620,Cheltenham Town,English League Two,0.31,2.45,7.34
625,627,Macclesfield,English League Two,0.28,2.55,6.26
626,625,Morecambe,English League Two,0.2,2.33,6.22
627,626,Grimsby Town,English League Two,0.2,2.38,5.98
628,628,Richmond Kickers,United Soccer League,0.33,2.77,5.92
